ID	Title	ProvinceID
1	آب بر	14
2	آباد	7
3	آبادان	13
5	آباده	17
6	آباده طشک	17
7	آبپخش	7
8	آبدان	7
9	آبدانان	6
10	آبژدان	13
11	آبسرد	8
12	آبش احمد	1
13	آبعلی	8
14	آبگرم	18
15	آبی بیگلو	3
16	آبیک	18
17	آجین	30
18	آچاچی	1
19	آذرشهر	1
20	آرادان	15
21	آران و بیدگل	4
22	آرمرده	20
23	آرین شهر	10
24	آزادشهر	24
25	آزادی	13
26	آسارا	5
27	آستارا	25
28	آستانه	28
29	آستانه اشرفیه	25
30	آسمان آباد	6
31	آشتیان	28
32	آشخانه	12
33	آغاجاری	13
34	آق قلا	24
35	آقکند	1
36	آلاشت	27
37	آلونی	9
38	آمل	27
39	آوا	12
40	آواجیق	2
41	آوج	18
42	آوه	28
43	آیسک	10
44	ابرکوه	31
45	ابهر	14
46	ابوحمیظه	13
47	ابوزیدآباد	4
48	ابوموسی	29
49	احمدآباد	31
50	احمدآباد مستوفی	8
51	احمدآبادصولت	11
52	احمدسرگوراب	25
53	اختیارآباد	21
54	ادیمی	16
55	اراک	28
56	ارجمند	8
57	ارداق	18
58	اردبیل	3
59	اردستان	4
60	اردل	9
61	اردل	9
62	اردکان (سپیدان)	17
63	اردکان (یزد)	31
64	ارزوئیه	21
65	ارسنجان	17
66	ارسک	10
67	ارطه	27
68	ارمغانخانه	14
69	ارومیه	2
70	اروندکنار	13
71	ارکواز	6
72	ازگله	22
73	ازنا	26
74	ازندریان	30
75	اژیه	4
76	اسالم	25
77	اسپکه	16
78	استهبان	17
79	اسدآباد	30
80	اسدیه	10
81	اسفدن	10
82	اسفراین	12
83	اسفرورین	18
84	اسلام آباد (اردبیل)	3
85	اسلام آباد (تهران)	8
86	اسلام آبادغرب	22
87	اسلامشهر	8
88	اسلامیه	10
89	اسکو	1
90	اسیر	17
91	اشترینان	26
92	اشتهارد	5
93	اشنویه	2
94	اشکذر	31
95	اشکنان	17
96	اصغرآباد	4
97	اصفهان	4
99	اصلاندوز	3
100	اطاقور	25
101	افزر	17
102	افوس	4
103	اقبالیه	18
104	اقلید	17
105	الشتر	26
106	الهایی	13
107	الوان	13
108	الوند	18
109	الیگودرز	26
110	امام حسن	7
111	امام زاده عبدالله	27
112	امام شهر	17
113	املش	25
114	امیدیه	13
115	امیرکلا	27
116	امیریه (تهران)	8
117	امیریه (سمنان)	15
118	امین شهر	21
119	انابد	11
120	انار	21
121	انارستان	7
122	انارک	4
123	انبارآلوم	24
124	اندوهجرد	21
125	اندیشه	5
126	اندیمشک	13
127	اهر	1
128	اهرم	7
129	اهل	17
130	اهواز	13
132	اورامان تخت	20
133	اوز	17
134	ایج	17
135	ایذه	13
136	ایرانشهر	16
137	ایزدخواست	17
138	ایزدشهر	27
139	ایسین و تازیان	29
140	ایلام	6
141	ایلخچی	1
142	ایمانشهر	4
143	اینچه برون	24
144	ایوان	6
145	ایوان غرب	6
146	ایوانکی	15
147	ایواوغلی	2
148	ایور	12
149	باب انار	17
150	باباحیدر	9
151	بابارشانی	20
152	بابامنیر	17
153	بابل	27
154	بابلسر	27
155	باجگیران	11
156	باخرز	11
157	بادرود	4
158	بادوله	7
159	بار	11
160	باروق	2
161	بازارجمعه	25
162	بازرگان	2
163	بازفت	9
164	باسمنج	1
165	باشت	23
166	باغ بهادران	4
167	باغستان	8
168	باغشاد	4
169	باغملک	13
170	باغین	21
171	بافت	21
172	بافران	4
173	بافق	31
174	باقرشهر	8
175	بالاده	17
176	بانه	20
178	بانه وره	22
179	باینگان	22
180	بایک	11
181	بجستان	11
182	بجنورد	12
183	بختگان	17
184	بخشایش	1
185	بدره	6
186	برازجان	7
187	بردخون	7
188	بردستان	7
189	بردسکن	11
190	بردسیر	21
191	برده رشه	20
192	برزول	30
193	برزک	4
194	برف انبار	4
195	بره سر	25
196	بروات	21
197	بروجرد	26
198	بروجن	9
199	بزمان	16
200	بزنجان	21
201	بستان	13
202	بستان آباد	1
203	بستک	29
204	بسطام	15
205	بشاگرد	29
206	بشرویه	10
207	بفروئیه	31
208	بلاوه	6
209	بلبان آباد	20
210	بلداجی	9
211	بلده	27
212	بلورد	21
213	بلوک	21
214	بم 	21
215	بمپور	16
216	بن	9
217	بناب	1
218	بناب مرند	1
219	بنارویه	17
220	بنت	16
221	بنجار	16
222	بندر خمیر	29
223	بندر دولاب	29
224	بندر دیر	7
225	بندر سیریک	29
226	بندر عامری	7
227	بندر گز	24
228	بندر کنگ	29
229	بندر کوهستک	29
230	بندر کیاشهر	25
231	بندرامام خمینی	13
232	بندرانزلی	25
233	بندرترکمن	24
234	بندرجاسک	29
235	بندرچارک	29
236	بندردلوار	7
237	بندردیلم	7
238	بندرریگ	7
239	بندرعباس	29
242	بندرگناوه	7
243	بندرلنگه	29
244	بنک	7
245	بهاباد	31
246	بهار (همدان)	30
247	بهاران شهر	4
248	بهارستان	8
249	بهارستان اصفهان	4
250	بهبهان	13
251	بهرمان	21
252	بهشهر	27
253	بهمن	17
254	بهنمیر	27
255	بوئین زهرا	18
256	بوئین سفلی	20
257	بوئین ومیاندشت	4
258	بوانات	17
259	بوشهر	7
262	بوشکان	7
263	بومهن	8
264	بوکان	2
265	بیارجمند	15
266	بیجار	20
267	بیدخت	11
268	بیدروبه	13
269	بیدستان	18
270	بیران شهر	26
271	بیرجند	10
272	بیرم	17
273	بیستون	22
274	بیضا	17
275	بیله سوار	3
276	بیکاه	29
277	پاتاوه	23
278	پارس آباد	3
279	پارسیان	29
280	پاریز	21
281	پالایشگاه اصفهان	4
282	پاوه	22
283	پاکدشت	8
284	پایین هولار	27
285	پردنجان	9
286	پردیس	8
287	پرند	8
288	پرندک	28
289	پره سر	25
290	پل سفید	27
291	پلدختر	26
292	پلدشت	2
293	پهله	6
294	پول	27
295	پیران	22
296	پیرانشهر	2
297	پیربکران	4
298	پیرتاج	20
299	پیش قلعه	12
300	پیشوا	8
301	پیشین	16
302	تاتارعلیا	24
303	تازه آباد	22
304	تازه شهر	2
305	تازه کند	3
306	تازه کندانگوت	3
307	تازیان پایین	29
308	تالش	25
309	تاکستان	18
310	تایباد	11
311	تبریز	1
313	تجریش	8
314	تخت	29
315	تربت جام	11
316	تربت حیدریه	11
317	ترک	1
318	ترکالکی	13
319	ترکمانچای	1
320	ترکمن	24
321	تسوج	1
322	تشان	13
323	تفت	31
324	تفرش	28
325	تل خسرو	23
326	تنگ ارم	7
327	تنکابن	27
328	تنکمان	5
329	تهران	8
331	توپ آغاج	20
332	توتکابن	25
333	توحید	6
334	تودشک	4
335	توره	28
336	تویسرکان	30
337	تکاب	2
338	تیتکانلو	12
339	تیران	4
340	تیرور	29
341	تیمورلو	1
342	تیکمه داش	1
343	ثبت	11
344	ثلاث باباجانی	22
345	جاجرم	12
346	جاجرود	8
347	جالق	16
348	جاورسیان	28
349	جایزان	13
350	جبالبارز	21
351	جعفرآباد	3
352	جعفریه	19
353	جغتای	11
354	جلفا	1
355	جلین	24
356	جم	7
357	جناح	29
358	جنت شهر	17
359	جنت مکان	13
360	جندق	4
361	جنگل	11
362	جهرم	17
363	جوادآباد	8
364	جوادیه الهیه	21
365	جوان قلعه	1
366	جوانرود	22
367	جوپار	21
368	جورقان	30
369	جوزدان	4
370	جوزم	21
371	جوشقان قالی	4
372	جونقان	9
373	جوکار	30
374	جویبار	27
375	جویم	17
376	جوین	11
377	جیرفت	21
378	جیرنده	25
379	چابهار	16
380	چابکسر	25
381	چاپشلو	11
382	چادگان	4
383	چاف وچمخاله	25
384	چالانچولان	26
385	چالدران	2
386	چالدران	2
387	چالوس	27
388	چاه بهار	16
389	چایپاره	2
390	چترود	21
391	چرام	23
392	چرمهین	4
393	چغادک	7
394	چغامیش	13
395	چقابل	26
396	چلگرد	9
397	چلیچه	9
398	چم گلک	13
399	چمران	13
400	چمستان	27
401	چمگردان	4
402	چناران	11
403	چناران شهر	12
404	چناره	20
405	چهارباغ	5
406	چهاربرج	2
407	چهاردانگه	8
408	چوئبده	13
409	چوار	6
410	چوبر	25
411	چورزق	14
412	چکنه	11
413	چیتاب	23
414	حاجی آباد ( خراسان جنوبی)	10
415	حاجی آباد (زرین دشت فارس)	17
416	حاجی آباد (هرمزگان)	29
417	حبیب آباد	4
418	حر	13
419	حسامی	17
420	حسن آباد (اصفهان)	4
421	حسن آباد (تهران)	8
422	حسن آباد (فارس)	17
423	حسین آباد (قزوین)	18
424	حسینیه	13
425	حصارگرمخان	12
426	حصارک بالا	5
427	حصارک پایین	5
428	حلب	14
429	حمزه	13
430	حمیدیه	13
431	حمیل	22
432	حنا	4
433	حویق	25
434	حکم آباد	11
435	خاتون آباد	21
436	خاروانا	1
437	خارک	7
438	خاش	16
439	خالدآباد	4
440	خامنه	1
441	خان ببین	24
442	خانمیرزا	9
443	خانه زنیان	17
444	خانوک	21
445	خانیمن	17
446	خاوران	17
447	خاورشهر	8
448	خاکعلی	18
449	خداجو	1
450	خرامه	17
451	خرم آباد (لرستان)	26
452	خرم آباد (مازندران)	27
453	خرمبید	17
454	خرمدره	14
455	خرمدشت	18
456	خرمشهر	13
457	خرو	11
458	خسروشاه	1
459	خشت	17
460	خشکبیجار	25
461	خشکرود	28
462	خضرآباد	31
463	خضری دشت بیاض	10
464	خفر	17
465	خلخال	3
466	خلیفان	2
467	خلیل آباد	11
468	خلیل شهر	27
469	خمارلو	1
470	خمام	25
471	خمین	28
472	خمینی شهر	4
473	خنافره	13
474	خنج	17
475	خنجین	28
476	خنداب	28
477	خواجه	1
478	خواجوشهر	21
479	خواف	11
480	خوانسار	4
481	خور (اصفهان)	4
482	خور (فارس)	17
483	خورزوق (اصفهان)	4
484	خورسند	21
485	خورموج	7
486	خوزی	17
487	خوسف	10
488	خوش رودپی	27
489	خومه زار	17
490	خونسرخ	29
491	خونسرخ	29
492	خوی	2
493	دابودشت	27
494	داراب	17
495	داران (فریدن)	4
496	دارخوین	13
497	داریان	17
498	دالکی	7
499	دامغان	15
500	دامنه	4
501	دانسفهان	18
502	داودآباد	28
503	داورزن	11
504	دبیران	17
505	درب بهشت	21
506	درب گنبد	26
507	درجزین	15
508	درچه	4
509	درچه پیاز	4
510	درق	12
511	درگز	11
512	درگهان	29
513	دره شهر	6
514	درود	11
515	دزج	20
516	دزفول	13
517	دژکرد	17
518	دستجرد	19
519	دستگرد	4
520	دستنا	9
521	دشتک	9
522	دشتکار	21
523	دشتی	29
524	دلبران	20
525	دلگشا	6
526	دلند	24
527	دلوار	7
528	دلیجان	28
529	دماوند	8
530	دمق	30
531	دندی	14
532	دهاقان	4
533	دهبارز	29
534	دهج	21
535	دهدز	13
536	دهدشت	23
537	دهرم	17
538	دهق	4
539	دهگلان	20
540	دهلران	6
541	دوبرجی	17
542	دوراهک	7
543	دورود	26
544	دوزدوزان	1
545	دوزه	17
546	دوساری	21
547	دوست محمد	16
548	دوگنبدان	23
549	دولت آباد(اصفهان)	4
550	دولت آباد(خراسان رضوی)	11
551	دیباج	15
552	دیزج دیز	2
553	دیزیچه	4
554	دیشموک	23
555	دیلمان	25
556	دیهوک	10
557	دیواندره	20
558	رابر	21
559	راز	12
560	رازقان	28
561	رازمیان	18
562	راسک	16
563	رامجرد	17
564	رامسر	27
565	رامشیر	13
566	رامهرمز	13
567	رامیان	24
568	رانکوه	25
569	راور	21
570	راین	21
571	رباط	22
572	رباط سنگ	11
573	رباط کریم	8
574	ربط	2
575	رحیم آباد	25
576	رحیم آباد  کلاچای	25
577	رزن	30
578	رزوه	4
579	رستم	17
580	رستم آباد	25
581	رستم کلا	27
582	رشت	25
584	رشتخوار	11
585	رضوانشهر	25
586	رضویه	11
587	رضی	3
588	رفسنجان	21
589	رفیع	13
590	رمکان	29
591	روانسر	22
592	روداب	11
593	رودان	29
594	رودبار (گیلان)	25
595	رودبار (کرمان)	21
596	رودبنه	25
597	رودسر	25
598	رودهن	8
599	رودیان	15
600	رومشگان	26
601	رونیز	17
602	رویان (سمنان)	15
603	رویان (مازندران)	27
604	رویدر	29
605	ریجاب	22
606	ریحان شهر	21
607	ریز	7
608	رینه	27
609	ریوش	11
610	زابل	16
611	زارچ	31
612	زازران	4
613	زاغمرز	27
614	زاغه	26
615	زاهدان	16
617	زاهدشهر	17
618	زاویه	28
619	زاینده رود	4
620	زرآباد (آذربایجان غربی)	2
621	زرآباد (سیستان و بلوچستان)	16
622	زرقان	17
623	زرگر محله	27
624	زرند	21
625	زرندیه	28
626	زرنق	1
627	زرنه	6
628	زرین آباد	14
629	زرین رود	14
630	زرین شهر	4
631	زرینه	20
632	زنجان	14
633	زنگنه	30
634	زنگی آباد	21
635	زنوز	1
636	زهان	10
637	زهره	13
638	زهوکی	29
639	زهک	16
640	زهکلوت	21
641	زواره	4
642	زیار	4
643	زیارت	12
644	زیارتعلی	29
645	زیباشهر	4
646	زیدآباد	21
647	زیرآب 	27
648	ساروق	28
649	ساری	27
651	سالند	13
652	سامان	9
653	سامن	30
654	ساوه	28
655	سبزدشت	8
656	سبزوار	11
657	سپاهان شهر	4
658	سپیدان	17
659	سپیددشت	26
660	سجاس	14
661	سجزی	4
662	سده	17
663	سده لنجان	4
664	سراب	1
665	سراب باغ	6
666	سراب دوره	26
667	سرابله	6
668	سراوان (سیستان و بلوچستان)	16
669	سراوان (گیلان)	25
670	سرایان	10
671	سرباز	16
672	سربندر	13
673	سربیشه	10
674	سرپل ذهاب	22
675	سرچشمه	21
676	سرخرود	27
677	سرخس	11
678	سرخنکلاته	24
679	سرخه	15
680	سرخون	9
681	سرداران	13
682	سردرود	1
683	سردشت (آذربایجان غربی)	2
684	سردشت (خوزستان)	13
685	سردشت (هرمزگان)	29
686	سردشت لردگان	9
687	سرعین	3
688	سرفاریاب	23
689	سرگز	29
690	سرمست	22
691	سرو	2
692	سروآباد	20
693	سروستان	17
694	سرکان	30
695	سریش آباد	20
696	سطر	22
697	سعادت شهر	17
698	سعدآباد	7
699	سعیدآباد	8
700	سفیددشت	9
701	سفیدسنگ	11
702	سفیدشهر	4
703	سقز	20
704	سگزآباد	18
705	سگزی	4
706	سلامی	11
707	سلطان آباد (تهران)	8
708	سلطان آباد (خراسان رضوی)	11
709	سلطان شهر	17
710	سلطانیه	14
711	سلفچگان	19
712	سلماس	2
713	سلمان شهر	27
714	سلمان شهر(متل قو)	27
715	سماله	13
716	سمنان	15
717	سمیرم	4
718	سنخواست	12
719	سندرک	29
720	سنقر	22
721	سنقر کلیایی	22
722	سنگان	11
723	سنگان (خاش)	16
724	سنگدوین	24
725	سنگر	25
726	سنندج	20
727	سه قلعه	10
728	سهرورد	14
729	سهند	1
730	سوادکوه شمالی	27
731	سودجان	9
732	سوران	16
733	سورشجان	9
734	سورمق	17
735	سورک	27
736	سوزا	29
737	سوسنگرد	13
738	سوق	23
739	سومار	22
740	سی سخت	23
741	سیاه منصور	13
742	سیاهکل	25
743	سیب سوران	16
744	سیدان	17
745	سیراف	7
746	سیرجان	21
747	سیردان	18
748	سیرکان	16
749	سیس	1
750	سیلوانه	2
751	سیمین شهر	24
752	سیمینه	2
753	سین	4
754	سیه چشمه	2
755	سیه رود	1
756	شاپورآباد	4
757	شادگان	13
758	شادمهر	11
759	شازند	28
760	شاطره	8
761	شال	18
762	شاندرمن	25
763	شاندیز	11
764	شاهدشهر	8
765	شاهدیه	31
766	شاهرود	15
767	شاهو	22
768	شاهین دژ	2
769	شاهین شهر	4
770	شاوور	13
771	شباب	6
772	شبانکاره	7
773	شبستر	1
774	شرافت	13
775	شربیان	1
776	شرفخانه	1
777	شریف آباد	8
778	شریفیه	18
779	ششتمد	11
780	ششده	17
781	شفت	25
782	شلمان	25
783	شلمزار	9
784	شمس آباد	13
785	شمشک	8
786	شنبه	7
787	شندآباد	1
788	شهباز	28
789	شهداد	21
790	شهر ابریشم	4
791	شهر جدید صدرا	17
792	شهر جدید هشتگرد	5
793	شهرآباد	11
794	شهرامام	13
795	شهربابک	21
796	شهرپیر	17
797	شهرری	8
798	شهرزو	11
799	شهرصنعتی الوند	18
800	شهرضا	4
801	شهرک صنعتی پرند	8
802	شهرک صنعتی عباس آباد	8
803	شهرک صنعتی کلات	11
804	شهرک قلعه میر	8
805	شهرکرد	9
806	شهریار	8
807	شهمیرزاد	15
808	شوسف	10
809	شوش	13
810	شوش دانیال	13
811	شوشتر	13
812	شوط	2
813	شوقان	12
814	شول آباد	26
815	شویشه	20
816	شیبان	13
817	شیراز	17
819	شیرگاه	27
820	شیروان	12
821	شیرود	27
822	شیرین سو	30
823	صائین قلعه	14
824	صاحب	20
825	صالح آباد (ایلام)	6
826	صالح آباد (تهران)	8
827	صالح آباد (خراسان رضوی)	11
828	صالح آباد (همدان)	30
829	صالح شهر	13
830	صالحیه	8
831	صباشهر	8
832	صحنه	22
833	صغاد	17
834	صفائیه	21
835	صفادشت	5
836	صفاشهر	17
837	صفی آباد (خراسان شمالی)	12
838	صفی آباد (خوزستان)	13
839	صمصامی	9
840	صوفیان	1
841	صومعه سرا	25
842	صیدون	13
843	ضیاءآباد	18
844	طارم	14
845	طاق بستان	22
846	طاقانک	9
847	طالخونچه	4
848	طالقان	5
849	طبس	10
850	طبس گلشن	10
851	طبس مسینا	10
852	طبل	29
853	طرق رود	4
854	طرقبه	11
855	عالی شهر	7
856	عباس آباد	27
857	عجب شیر	1
858	عسگران	4
859	عسلویه	7
860	عشق آباد (خراسان جنوبی)	10
861	عشق آباد (خراسان رضوی)	11
862	عقدا	31
863	علامرودشت	17
864	علویجه	4
865	علی آباد	24
866	علی آبادکتول	24
867	علی اکبر	16
868	عمادده	17
869	عنبرآباد	21
870	عنبران	3
871	غازیان	25
872	غرق آباد	28
873	فارسان	9
874	فارغان	29
875	فاروج	12
876	فاریاب	21
877	فاضل آباد	24
878	فامنین	30
879	فتح المبین	13
880	فخرآباد	3
881	فدامی	17
882	فرادنبه	9
883	فراشبند	17
884	فراغی	24
885	فراهان	28
886	فرح آباد (مازندران)	27
887	فرخ شهر	9
888	فرخی	4
889	فردوس ( خراسان)	10
890	فردوسیه	8
891	فردیس	5
892	فرسفج	30
893	فرمهین	28
894	فرهادگرد	11
895	فرودگاه	8
896	فرون آباد	8
897	فریدن	4
898	فریدونشهر	4
899	فریدونکنار	27
900	فریدونکنار	27
901	فریم	27
902	فریمان	11
903	فسا	17
904	فساء سرو	17
905	فشافویه	8
906	فشم	8
907	فلاورجان	4
908	فنوج	16
909	فهرج	21
910	فولادشهر	4
911	فومن	25
912	فیرورق	2
913	فیروزآباد	17
914	فیروزآباد (سلسله)	26
915	فیروزان	30
916	فیروزه	11
917	فیروزکوه	8
918	فیض آباد	11
919	فیض آباد (مه ولات)	11
920	فین	29
921	قائم شهر	27
922	قائمیه	17
923	قائن	10
924	قادرآباد	17
925	قاسم آباد	11
926	قاضی	12
927	قدس	8
928	قدمگاه	11
929	قرچک	8
930	قره آغاج	1
931	قره بلاغ	17
932	قره ضیاءالدین	2
933	قروه	20
934	قروه در جزین	30
935	قروه درگزین	30
936	قزوین	18
937	قشم	29
938	قصابه	3
939	قصرشیرین	22
940	قصرقند	16
941	قطب آباد	17
942	قطرویه	17
943	قطور	2
944	قلعه تل	13
945	قلعه خواجه	13
946	قلعه رئیسی	23
947	قلعه قاضی	29
948	قلعه گنج	21
949	قلندرآباد	11
950	قم	19
951	قمصر	4
952	قنوات	19
953	قهاوند	30
954	قهجاورستان	4
955	قهدریجان	4
956	قهستان	10
957	قوچان	11
958	قورچی باشی	28
959	قوشچی	2
960	قوشخانه	12
961	قیامدشت	8
962	قیدار	14
963	قیدار  خدابنده	14
964	قیر	17
965	قیر و کارزین	17
966	گالیکش	24
967	گتاب	27
968	گتوند	13
969	گچساران	23
970	گراب	26
971	گراب سفلی	23
972	گراش	17
973	گردکشانه	2
974	گرگاب	4
975	گرگان	24
977	گرماب	14
978	گرمدره	5
979	گرمسار	15
980	گرمه	12
981	گرمی	3
982	گروگ	29
983	گروک	29
984	گزبرخوار	4
985	گزنک	27
986	گزیک	10
987	گشت	16
988	گل تپه	30
989	گل تپه کبیر	8
990	گلباف	21
991	گلبهار	11
992	گلپایگان	4
993	گلدشت	4
994	گلزار	21
995	گلسار	5
996	گلستان	8
997	گلشن	4
998	گلشهر	4
999	گلگیر	13
1000	گلمورتی	16
1001	گلمکان	11
1002	گله دار	17
1003	گلوگاه	27
1004	گمیش تپه	24
1005	گناباد	11
1006	گنبدکاوس	24
1007	گنبکی	21
1008	گندمان	9
1009	گهرو	9
1010	گهواره	22
1011	گوجان	9
1012	گودین	22
1013	گوراب زرمیخ	25
1014	گوریه	13
1015	گوگان	1
1016	گوگد	4
1017	گوهران	29
1018	گویم	17
1019	گیان	30
1020	گیلانغرب	22
1021	گیوی	3
1022	لار	17
1023	لارستان	17
1024	لارشهرقدیم	17
1025	لالجین	30
1026	لاله زار	21
1027	لالی	13
1028	لامرد	17
1029	لاهرود	3
1030	لاهیجان	25
1031	لای بید	4
1032	لپوئی	17
1033	لردگان	9
1034	لشت نشاء	25
1035	لطف آباد	11
1036	لطیفی	17
1037	لمزان	29
1038	لنجان	4
1039	لنده	23
1040	لنگرود	25
1041	لواسان	8
1042	لوجلی	12
1043	لوشان	25
1044	لولمان	25
1045	لومار	6
1046	لوندویل	25
1047	لیسار	25
1048	لیلان	1
1049	لیکک	23
1050	مؤمن آباد	26
1051	مأمونیه	28
1052	مادرسلیمان	17
1053	مادوان	23
1054	مارگون	23
1055	ماژین	6
1056	ماسال	25
1057	ماسوله	25
1058	مال خلیفه	9
1059	ماه نشان	14
1060	ماهان	21
1061	ماهدشت	5
1062	ماهشهر	13
1063	ماکلوان	25
1064	ماکو	2
1065	مبارک آباد	17
1066	مبارک شهر	1
1067	مبارکه	4
1068	مجن	15
1069	محلات	28
1070	محمدآباد (اصفهان)	4
1071	محمدآباد (سیستان و بلوچستان)	16
1072	محمدآباد (کرمان)	21
1073	محمدان	16
1074	محمدشهر (البرز)	5
1075	محمدشهر (خراسان جنوبی)	10
1076	محمدی	16
1077	محمدیار	2
1078	محمدیه	18
1079	محمودآباد (آذربایجان غربی)	2
1080	محمودآباد (مازندران)	27
1081	محمودآباد نمونه (قزوین)	18
1082	محی آباد	21
1083	مرادلو	3
1084	مراغه	1
1085	مراوه تپه	24
1086	مردهک	21
1087	مرزن آباد	27
1088	مرزیکلا	27
1089	مرگنلر	2
1090	مرند	1
1091	مرودشت	17
1092	مروست	31
1093	مریانج	30
1094	مریوان	20
1095	مزایجان	17
1096	مزدآوند	11
1097	مزرعه	24
1098	مسجد سلیمان	13
1099	مشراگه	13
1100	مشگین شهر	3
1101	مشهد	11
1102	مشهد طبرسی	11
1104	مشهدریزه	11
1105	مشکات	4
1106	مشکان	17
1107	مشکین دشت	5
1108	مصیری	17
1109	معلم کلایه	18
1110	معمولان	26
1111	مقاومت	13
1112	ملاثانی	13
1113	ملارد	8
1114	ملایر	30
1115	ملک آباد	11
1116	ملکان	1
1117	ملکشاهی	6
1118	ممقان	1
1119	منج	9
1120	منجیل	25
1121	منصوریه	13
1122	منطقه آزاد انزلی  لشت نشاء	25
1123	منظریه	4
1124	منوجان	21
1125	مهاباد	2
1126	مهاباد (اردستان)	4
1127	مهاجران	30
1128	مهاجران ( اراک)	28
1129	مهدی شهر	15
1130	مهر	17
1131	مهرآباد	8
1132	مهران	6
1133	مهربان	1
1134	مهردشت	31
1135	مهرستان	16
1136	مهرشهر (البرز)	5
1137	مهریز	31
1138	موچش	20
1139	مود	10
1140	مورچه خورت	4
1141	مورموری	6
1142	موسیان	6
1143	میامی	15
1144	میان راهان	22
1145	میاندرود	27
1146	میاندوآب	2
1147	میانرود	13
1148	میانشهر	17
1149	میانه	1
1150	میانکوه	13
1151	میبد	31
1152	میداود	13
1153	میرآباد	2
1154	میرجاوه	16
1155	میلاجرد	28
1156	میمند	17
1157	میمه (اصفهان)	4
1158	میمه (ایلام)	6
1159	میناب	29
1160	مینودشت	24
1161	مینوشهر	13
1162	نائین	4
1163	نازک علیا	2
1164	ناغان	9
1165	نافچ	9
1166	نالوس	2
1167	نایی سر	20
1168	نجف آباد	4
1169	نجف شهر	21
1170	نخل تقی	7
1171	ندوشن	31
1172	نراق	28
1173	نرجه	18
1174	نرماشیر	21
1175	نسیم شهر	8
1176	نسیم شهر	8
1177	نشتارود	27
1178	نشتیفان	11
1179	نصرآباد (اصفهان)	4
1180	نصرآباد (خراسان رضوی)	11
1181	نصرت آباد	16
1182	نصیرآباد (تهران)	8
1183	نصیرشهر	8
1184	نطنز	4
1185	نظام شهر	21
1186	نظرآباد	5
1187	نظرکهریزی	1
1188	نقاب	11
1189	نقده	2
1190	نقنه	9
1191	نگار	21
1192	نگور	16
1193	نگین شهر	24
1194	نمین	3
1195	نهاوند	30
1196	نهبندان	10
1197	نوبران	28
1198	نوبندگان	17
1199	نوجین	17
1200	نوخندان	11
1201	نودان	17
1202	نودژ	21
1203	نودشه	22
1204	نوده خاندوز	24
1205	نور	27
1206	نورآباد دلفان (لرستان)	26
1207	نورآبادممسنی	17
1208	نوربهار	14
1209	نوسود	22
1210	نوش آباد	4
1211	نوشهر	27
1212	نوشین	2
1213	نوک آباد	16
1214	نوکنده	24
1215	نکا	27
1216	نی ریز	17
1217	نیاسر	4
1218	نیر (اردبیل)	3
1219	نیر (یزد)	31
1220	نیشابور	11
1221	نیل شهر	11
1222	نیمبلوک	10
1223	نیمور	28
1224	نیک آباد	4
1225	نیک پی	14
1226	نیک شهر	16
1227	هادی شهر	1
1228	هادیشهر	1
1229	هارونی	9
1230	هامون	16
1231	هجدک	21
1232	هچی رود	27
1233	هچیرود	27
1234	هرات	31
1235	هرسین	22
1236	هرمز	29
1237	هرند	4
1238	هریس	1
1239	هشتبندی	29
1240	هشتپر	25
1241	هشتجین	3
1242	هشترود	1
1243	هشتگرد	5
1244	هفت چشمه	26
1245	هفتکل	13
1246	هفشجان	9
1247	هلر	29
1248	هلشی	22
1249	هماشهر (فارس)	17
1250	هماشهر (کرمان)	21
1251	همت آباد	11
1252	همدان	30
1253	هندودر	28
1254	هندیجان	13
1255	هنزا	21
1256	هوراند	1
1257	هویزه	13
1258	هیدج	14
1259	هیدوج	16
1260	هیر	3
1261	هیرمند	16
1262	واجارگاه	25
1263	واوان	8
1264	وایقان	1
1265	وحدتیه	7
1266	وحیدیه	8
1267	ورامین	8
1268	وراوی	17
1269	وردنجان	9
1270	ورزقان	1
1271	ورزنه	4
1272	ورنامخواست	4
1273	وزوان	4
1274	ونک	4
1275	ویس	13
1276	ویسیان	26
1277	کاج	9
1278	کاخک	11
1279	کارچان	28
1280	کارزین	17
1281	کاریز	11
1282	کازرون	17
1283	کاشان	4
1284	کاشمر	11
1285	کاظم آباد	21
1286	کامفیروز	17
1287	کامووچوگان	4
1288	کامیاران	20
1289	کانی دینار	20
1290	کانی سور	20
1291	کاکی	7
1292	کبودرآهنگ	30
1293	کتالم و سادات شهر	27
1294	کجور	27
1295	کدکن	11
1296	کرج	5
1297	کرد آباد	30
1298	کردان	5
1299	کردکوی	24
1300	کرسف	14
1301	کرمان	21
1303	کرمانشاه	22
1304	کرند	22
1305	کره ای	17
1306	کرکوند	4
1307	کشاورز	2
1308	کشکسرای	1
1309	کشکوئیه	21
1310	کلات	11
1311	کلاته	15
1312	کلاته خیج	15
1313	کلاچای	25
1314	کلارآباد	27
1315	کلاردشت	27
1316	کلاله	24
1317	کلمه	7
1318	کلوانق	1
1319	کلور	3
1320	کلیبر	1
1321	کلیشادوسودرجان	4
1322	کمال شهر	5
1323	کمشچه	4
1324	کمه	4
1325	کمیجان	28
1326	کنارتخته	17
1327	کنارک	16
1328	کندر	5
1329	کنگان	7
1330	کنگاور	22
1331	کهریزسنگ	4
1332	کهریزک	8
1333	کهن آباد	15
1334	کهنوج	21
1335	کهک	19
1336	کوار	17
1337	کوپن	17
1338	کوت سیدنعیم	13
1339	کوت عبدالله	13
1340	کوچصفهان	25
1341	کوخردهرنگ	29
1342	کوراییم	3
1343	کوزران	22
1344	کوزه کنان	1
1345	کوشک	4
1346	کوشکنار	29
1347	کومله	25
1348	کوهبنان	21
1349	کوهپایه	4
1350	کوهدشت	26
1351	کوهسار	5
1352	کوهستک	29
1353	کوهنانی	26
1354	کوهنجان	17
1355	کوهی خیل	27
1356	کوهین	18
1357	کیار	9
1358	کیاسر	27
1359	کیان	9
1360	کیانشهر	21
1361	کیانمهر	5
1362	کیاکلا	27
1363	کیش	29
1364	کیلان	8
1365	یاسوج	23
1366	یاسوکند	20
1367	یامچی	1
1368	یزد	31
1369	یزدان شهر	21
1371	یونسی	11